{
  "regions": [
    {
      "name": "Москва",
      "cities": ["Москва"]
    },
    {
      "name": "Санкт-Петербург",
      "cities": ["Санкт-Петербург"]
    },
    {
      "name": "Республика Татарстан",
      "cities": ["Казань", "Набережные Челны", "Альметьевск", "Зеленодольск"]
    },
    {
      "name": "Республика Башкортостан",
      "cities": ["Уфа", "Стерлитамак", "Салават", "Нефтекамск"]
    },
    {
      "name": "Свердловская область",
      "cities": ["Екатеринбург", "Нижний Тагил", "Каменск-Уральский", "Первоуральск"]
    },
    {
      "name": "Новосибирская область",
      "cities": ["Новосибирск", "Бердск", "Искитим"]
    },
    {
      "name": "Челябинская область",
      "cities": ["Челябинск", "Магнитогорск", "Златоуст", "Миасс"]
    },
    {
      "name": "Ростовская область",
      "cities": ["Ростов-на-Дону", "Таганрог", "Шахты", "Новочеркасск"]
    },
    {
      "name": "Краснодарский край",
      "cities": ["Краснодар", "Сочи", "Новороссийск", "Армавир", "Кропоткин"]
    },
    {
      "name": "Самарская область",
      "cities": ["Самара", "Тольятти", "Сызрань"]
    },
    {
      "name": "Омская область",
      "cities": ["Омск"]
    },
    {
      "name": "Республика Дагестан",
      "cities": ["Махачкала", "Дербент", "Избербаш"]
    },
    {
      "name": "Красноярский край",
      "cities": ["Красноярск", "Норильск", "Ачинск"]
    },
    {
      "name": "Республика Саха (Якутия)",
      "cities": ["Якутск", "Нерюнгри"]
    },
    {
      "name": "Воронежская область",
      "cities": ["Воронеж", "Борисоглебск"]
    },
    {
      "name": "Приморский край",
      "cities": ["Владивосток", "Уссурийск", "Находка"]
    },
    {
      "name": "Волгоградская область",
      "cities": ["Волгоград", "Волжский", "Камышин"]
    },
    {
      "name": "Саратовская область",
      "cities": ["Саратов", "Балаково", "Энгельс"]
    },
    {
      "name": "Тюменская область",
      "cities": ["Тюмень", "Тобольск"]
    },
    {
      "name": "Иркутская область",
      "cities": ["Иркутск", "Ангарск", "Братск", "Усолье-Сибирское"]
    },
    {
      "name": "Ханты-Мансийский АО — Югра",
      "cities": ["Сургут", "Нефтеюганск", "Нижневартовск", "Ханты-Мансийск"]
    },
    {
      "name": "Ямало-Ненецкий АО",
      "cities": ["Салехард", "Новый Уренгой", "Ноябрьск"]
    },
    {
      "name": "Алтайский край",
      "cities": ["Барнаул", "Бийск", "Рубцовск"]
    },
    {
      "name": "Республика Коми",
      "cities": ["Сыктывкар", "Ухта", "Воркута"]
    },
    {
      "name": "Нижегородская область",
      "cities": ["Нижний Новгород", "Дзержинск", "Арзамас"]
    },
    {
      "name": "Кемеровская область — Кузбасс",
      "cities": ["Кемерово", "Новокузнецк", "Прокопьевск", "Ленинск-Кузнецкий"]
    },
    {
      "name": "Ульяновская область",
      "cities": ["Ульяновск", "Димитровград"]
    },
    {
      "name": "Томская область",
      "cities": ["Томск", "Северск"]
    },
    {
      "name": "Пензенская область",
      "cities": ["Пенза", "Кузнецк"]
    },
    {
      "name": "Кировская область",
      "cities": ["Киров", "Котельнич"]
    },
    {
      "name": "Республика Хакасия",
      "cities": ["Абакан", "Саяногорск"]
    },
    {
      "name": "Республика Бурятия",
      "cities": ["Улан-Удэ"]
    },
    {
      "name": "Республика Калмыкия",
      "cities": ["Элиста"]
    },
    {
      "name": "Республика Ингушетия",
      "cities": ["Назрань", "Магас"]
    },
    {
      "name": "Чеченская Республика",
      "cities": ["Грозный"]
    },
    {
      "name": "Кабардино-Балкарская Республика",
      "cities": ["Нальчик"]
    },
    {
      "name": "Карачаево-Черкесская Республика",
      "cities": ["Черкесск"]
    },
    {
      "name": "Республика Северная Осетия — Алания",
      "cities": ["Владикавказ"]
    },
    {
      "name": "Ставропольский край",
      "cities": ["Ставрополь", "Пятигорск", "Кисловодск", "Ессентуки", "Георгиевск"]
    },
    {
      "name": "Астраханская область",
      "cities": ["Астрахань"]
    },
    {
      "name": "Белгородская область",
      "cities": ["Белгород", "Старый Оскол"]
    },
    {
      "name": "Брянская область",
      "cities": ["Брянск"]
    },
    {
      "name": "Владимирская область",
      "cities": ["Владимир", "Ковров", "Муром"]
    },
    {
      "name": "Калининградская область",
      "cities": ["Калининград", "Советск"]
    },
    {
      "name": "Калужская область",
      "cities": ["Калуга", "Обнинск"]
    },
    {
      "name": "Курская область",
      "cities": ["Курск", "Железногорск"]
    },
    {
      "name": "Липецкая область",
      "cities": ["Липецк", "Елец"]
    },
    {
      "name": "Московская область",
      "cities": ["Балашиха", "Химки", "Подольск", "Серпухов", "Коломна", "Одинцово"]
    },
    {
      "name": "Оренбургская область",
      "cities": ["Оренбург", "Орск", "Новотроицк"]
    },
    {
      "name": "Рязанская область",
      "cities": ["Рязань"]
    },
    {
      "name": "Смоленская область",
      "cities": ["Смоленск"]
    },
    {
      "name": "Тамбовская область",
      "cities": ["Тамбов"]
    },
    {
      "name": "Тверская область",
      "cities": ["Тверь"]
    },
    {
      "name": "Тульская область",
      "cities": ["Тула", "Новомосковск"]
    },
    {
      "name": "Ярославская область",
      "cities": ["Ярославль", "Рыбинск"]
    },
    {
      "name": "Архангельская область",
      "cities": ["Архангельск", "Северодвинск"]
    },
    {
      "name": "Вологодская область",
      "cities": ["Вологда", "Череповец"]
    },
    {
      "name": "Калининградская область",
      "cities": ["Калининград"]
    },
    {
      "name": "Ленинградская область",
      "cities": ["Санкт-Петербург (не входит)", "Всеволожск", "Гатчина", "Выборг"]
    },
    {
      "name": "Мурманская область",
      "cities": ["Мурманск", "Апатиты"]
    },
    {
      "name": "Новгородская область",
      "cities": ["Великий Новгород"]
    },
    {
      "name": "Псковская область",
      "cities": ["Псков"]
    },
    {
      "name": "Амурская область",
      "cities": ["Благовещенск"]
    },
    {
      "name": "Еврейская АО",
      "cities": ["Биробиджан"]
    },
    {
      "name": "Забайкальский край",
      "cities": ["Чита", "Краснокаменск"]
    },
    {
      "name": "Камчатский край",
      "cities": ["Петропавловск-Камчатский"]
    },
    {
      "name": "Магаданская область",
      "cities": ["Магадан"]
    },
    {
      "name": "Сахалинская область",
      "cities": ["Южно-Сахалинск"]
    },
    {
      "name": "Чукотский АО",
      "cities": ["Анадырь"]
    }
  ]
}